first_name,last_name,profession,employee_id,birthday,birth_month
John,Smith,Engineer,1,2/15/1985,2
Sarah,Johnson,Doctor,2,11/13/1970,11
Johnson,Miller,Teacher,3,7/8/1988,7
Emma,Johnson,Doctor,4,8/4/1968,8
Paul,Johnson,Manager,5,1/14/1986,1
Johnson,Kent,Doctor,6,1/24/1969,1
David,Baker,Software Dev.,7,2/24/1968,2
Mary,White,Nurse,8,6/23/1977,6
Johnson,Grey,Lawyer,9,1/2/1989,1
Susan,Johnson,Engineer,10,4/6/1990,4
Ethan,Davis,Doctor,11,8/30/1990,8
Emily,Clark,Teacher,12,12/26/1960,12
Johnson,Moore,Accountant,13,7/31/2000,7
Michael,Johnson,Manager,14,8/10/1964,8
Johnson,Taylor,Engineer,15,6/4/2001,6
Nancy,Johnson,Doctor,16,1/31/1964,1
Daniel,Thompson,Software Dev.,17,9/21/1982,9
Betty,Wilson,Nurse,18,10/14/1970,10
Johnson,Jackson,Lawyer,19,12/31/1998,12
Johnson,Martin,Engineer,20,6/1/1959,6
Jack,Johnson,Doctor,21,11/24/1990,11
Helen,Walker,Teacher,22,3/15/1993,3
Johnson,Allen,Accountant,23,3/1/1977,3
Robert,Johnson,Manager,24,9/4/1970,9
Hannah,Johnson,Doctor,26,7/7/1985,7
Johnson,Hernandez,Teacher,27,10/21/1986,10
Joshua,King,Software Dev.,28,5/25/1998,5
Megan,Johnson,Manager,29,3/29/1976,3
Johnson,Wright,Engineer,30,12/9/1991,12
Andrew,Lopez,Doctor,31,3/13/1982,3
Grace,Johnson,Teacher,32,9/19/1964,9
Johnson,Hill,Accountant,33,9/30/1991,9
Charles,Johnson,Manager,34,10/20/2000,10
Johnson,Scott,Engineer,35,6/22/1961,6
Elizabeth,Johnson,Doctor,36,4/11/1982,4
Noah,Adams,Software Dev.,37,8/21/1980,8
Samantha,Johnson,Nurse,38,8/26/1968,8
Johnson,Baker,Lawyer,39,1/11/1976,1
James,Johnson,Engineer,40,8/12/1966,8
Chloe,Rivera,Doctor,41,1/5/1979,1
Johnson,Cooper,Teacher,42,9/19/1987,9
Justin,Johnson,Software Dev.,43,12/23/1989,12
Johnson,Cox,Manager,44,8/13/1981,8
Ava,Johnson,Engineer,45,2/24/2001,2
Liam,Richardson,Doctor,46,5/27/1998,5
Johnson,Howard,Teacher,47,11/8/1985,11
Sophia,Johnson,Software Dev.,48,6/19/1997,6
Johnson,Torres,Manager,49,9/10/1976,9
Ethan,Johnson,Engineer,50,5/17/1968,5
Emma,Johnson,Doctor,51,11/2/1988,11
Johnson,Peterson,Teacher,52,2/26/1990,2
Oliver,King,Software Dev.,53,5/26/1973,5
Ava,Johnson,Manager,54,9/4/1983,9
Johnson,Diaz,Engineer,55,5/6/2000,5
Noah,Lopez,Doctor,56,3/22/1961,3
Mia,Johnson,Teacher,57,12/10/1999,12
Johnson,Hill,Accountant,58,8/2/1996,8
William,Johnson,Manager,59,11/25/1986,11
Johnson,Scott,Engineer,60,9/30/1961,9
Emily,Johnson,Doctor,61,3/26/1987,3
Benjamin,Adams,Software Dev.,62,11/23/1965,11
Harper,Johnson,Nurse,63,3/28/1989,3
Johnson,Perry,Lawyer,64,4/28/1980,4
James,Johnson,Engineer,65,8/19/1985,8
Evelyn,Rivera,Doctor,66,10/29/1969,10
Johnson,Cooper,Teacher,67,2/27/1999,2
Lucas,Johnson,Software Dev.,68,7/9/2000,7
Johnson,Bryant,Manager,69,3/16/1993,3
Charlotte,Johnson,Engineer,70,8/26/1975,8
Matthew,Richardson,Doctor,71,7/3/1964,7
Johnson,Howard,Teacher,72,12/4/1988,12
Amelia,Johnson,Software Dev.,73,7/5/1982,7
Johnson,Foster,Manager,74,3/20/1987,3
Ethan,Johnson,Engineer,75,10/20/1978,10
Isabella,Johnson,Doctor,76,9/12/1990,9
Johnson,Bailey,Teacher,77,10/12/1985,10
Jackson,Simmons,Software Dev.,78,9/24/1986,9
Sofia,Johnson,Manager,79,1/9/1958,1
Johnson,Perry,Engineer,80,10/28/1970,10
Aiden,Reynolds,Doctor,81,8/8/1984,8
Abigail,Johnson,Teacher,82,12/28/1999,12
Johnson,Mendoza,Accountant,83,6/24/2001,6
Lucas,Johnson,Manager,84,5/12/1970,5
Johnson,Ruiz,Engineer,85,5/30/1980,5
Madison,Johnson,Doctor,86,8/15/1996,8
Elijah,Carter,Software Dev.,87,8/9/1972,8
Elizabeth,Johnson,Nurse,88,6/25/1972,6
Johnson,Brooks,Lawyer,89,9/28/1966,9
Benjamin,Johnson,Engineer,90,5/9/1992,5
Mia,Gibson,Doctor,91,7/20/1998,7
Johnson,Boyd,Teacher,92,5/9/1987,5
Noah,Johnson,Software Dev.,93,1/24/1962,1
Johnson,Vasquez,Manager,94,5/30/2001,5
Harper,Johnson,Engineer,95,4/1/1992,4
Oliver,Freeman,Doctor,96,5/22/1965,5
Johnson,Mullen,Teacher,97,8/28/2000,8
Evelyn,Johnson,Software Dev.,98,12/31/1978,12
Johnson,Rodgers,Manager,99,11/25/1969,11
Lucas,Johnson,Engineer,100,3/16/1961,3
